-- Tabela USUARIO
INSERT INTO USUARIO VALUES ('NatanSanches', false, 'natansanches@rottenlemons.com',
    TO_DATE('18-01-2001', 'DD-MM-YYYY'), 'A');
INSERT INTO USUARIO VALUES ('AlvaroLopes', false, 'alvarolopes@rottenlemons.com',
    TO_DATE('18-03-2000', 'DD-MM-YYYY'), 'A');
INSERT INTO USUARIO VALUES ('PauloSoares', true, 'psoares@rottenlemons.com',
    TO_DATE('23-05-1998', 'DD-MM-YYYY'), 'M');
INSERT INTO USUARIO VALUES ('GabrielDetoni', true, 'detoni@rottenlemons.com',
    TO_DATE('09-05-2001', 'DD-MM-YYYY'), 'M');
INSERT INTO USUARIO VALUES ('OsniBrito', false, 'brito56@gmail.com',
    TO_DATE('21-07-2000', 'DD-MM-YYYY'), 'U');
INSERT INTO USUARIO VALUES ('PedroAugusto', false, 'franca@outlook.com',
    TO_DATE('26-10-2002', 'DD-MM-YYYY'), 'U');

-- Tabela TAG
INSERT INTO TAG VALUES ('Feliz');
INSERT INTO TAG VALUES ('Triste');
INSERT INTO TAG VALUES ('Pensativo');
INSERT INTO TAG VALUES ('Curioso');

-- Tabela ARTISTA
INSERT INTO ARTISTA VALUES ('Nightwish');
INSERT INTO ARTISTA VALUES ('La Femme');
INSERT INTO ARTISTA VALUES ('Ednaldo Pereira');
INSERT INTO ARTISTA VALUES ('Akon');
INSERT INTO ARTISTA VALUES ('Arianne');

-- Tabela SEGUE
INSERT INTO SEGUE VALUES ('NatanSanches', 'AlvaroLopes');
INSERT INTO SEGUE VALUES ('NatanSanches', 'PauloSoares');
INSERT INTO SEGUE VALUES ('AlvaroLopes', 'GabrielDetoni');
INSERT INTO SEGUE VALUES ('GabrielDetoni', 'OsniBrito');
INSERT INTO SEGUE VALUES ('AlvaroLopes', 'NatanSanches');
INSERT INTO SEGUE VALUES ('PedroAugusto', 'OsniBrito');

-- Tabela ALBUM
INSERT INTO ALBUM (NOME_ALBUM, ARTISTA) VALUES ('Imaginaerum', 'Nightwish');
INSERT INTO ALBUM (NOME_ALBUM, ARTISTA) VALUES ('Century Child', 'Nightwish');
INSERT INTO ALBUM (NOME_ALBUM, ARTISTA) VALUES ('Chance', 'Ednaldo Pereira');
INSERT INTO ALBUM (NOME_ALBUM, ARTISTA) VALUES ('Invencao', 'Ednaldo Pereira');
INSERT INTO ALBUM (NOME_ALBUM, ARTISTA) VALUES ('Psycho Tropical Berlin', 'La Femme');
INSERT INTO ALBUM (NOME_ALBUM, ARTISTA) VALUES ('Mystere', 'La Femme');
INSERT INTO ALBUM (NOME_ALBUM, ARTISTA) VALUES ('Konvicted', 'Akon');
INSERT INTO ALBUM (NOME_ALBUM, ARTISTA) VALUES ('Freedom', 'Akon');
INSERT INTO ALBUM (NOME_ALBUM, ARTISTA) VALUES ('Evangelion Family', 'Arianne');

-- Tabela PARTICIPA_ALBUM
INSERT INTO PARTICIPA_ALBUM VALUES (3, 'Nightwish');
INSERT INTO PARTICIPA_ALBUM VALUES (7, 'Ednaldo Pereira');
INSERT INTO PARTICIPA_ALBUM VALUES (1, 'La Femme');
INSERT INTO PARTICIPA_ALBUM VALUES (4, 'Akon');

-- Tabela MUSICA
INSERT INTO MUSICA (NOME_MUSICA, ALBUM, DURACAO) VALUES ('The End of All Hope', 2, 234);
INSERT INTO MUSICA (NOME_MUSICA, ALBUM, DURACAO) VALUES ('Imaginaerum', 1, 304);
INSERT INTO MUSICA (NOME_MUSICA, ALBUM, DURACAO) VALUES ('Ou va le monde', 6, 289);
INSERT INTO MUSICA (NOME_MUSICA, ALBUM, DURACAO) VALUES ('Sur la plance 2013', 5, 324);
INSERT INTO MUSICA (NOME_MUSICA, ALBUM, DURACAO) VALUES ('Antitaxi', 5, 189);
INSERT INTO MUSICA (NOME_MUSICA, ALBUM, DURACAO) VALUES ('Vale Nada Vale Tudo', 3, 274);
INSERT INTO MUSICA (NOME_MUSICA, ALBUM, DURACAO) VALUES ('God is Good', 3, 267);
INSERT INTO MUSICA (NOME_MUSICA, ALBUM, DURACAO) VALUES ('Lonely', 7, 235);
INSERT INTO MUSICA (NOME_MUSICA, ALBUM, DURACAO) VALUES ('Dont Matter', 7, 293);
INSERT INTO MUSICA (NOME_MUSICA, ALBUM, DURACAO) VALUES ('Right Now', 8, 304);
INSERT INTO MUSICA (NOME_MUSICA, ALBUM, DURACAO) VALUES ('Komm, Susser Tod', 9, 392);
INSERT INTO MUSICA (NOME_MUSICA, ALBUM, DURACAO) VALUES ('What is the brother', 3, 213);


-- Tabela AVALIA
INSERT INTO AVALIA VALUES ('NatanSanches', 3, 5);
INSERT INTO AVALIA VALUES ('GabrielDetoni', 6, 5);
INSERT INTO AVALIA VALUES ('NatanSanches', 1, 4);
INSERT INTO AVALIA VALUES ('PauloSoares', 10, 2);
INSERT INTO AVALIA VALUES ('OsniBrito', 10, 5);
INSERT INTO AVALIA VALUES ('AlvaroLopes', 6, 5);
INSERT INTO AVALIA VALUES ('GabrielDetoni', 7, 5);
INSERT INTO AVALIA VALUES ('NatanSanches', 6, 4);
INSERT INTO AVALIA VALUES ('PedroAugusto', 8, 1);
INSERT INTO AVALIA VALUES ('PedroAugusto', 3, 2);
INSERT INTO AVALIA VALUES ('PauloSoares', 2, 5);
INSERT INTO AVALIA VALUES ('NatanSanches', 11, 5);

-- Tabela PLAYLIST
INSERT INTO PLAYLIST (DATA_CRIACAO, TAG_PLAYLIST) 
    VALUES (CURRENT_DATE, 'Feliz');
INSERT INTO PLAYLIST (DATA_CRIACAO, TAG_PLAYLIST) 
    VALUES (TO_DATE('19-03-2019', 'DD-MM-YYYY'),'Curioso');

-- Tabela PLAYLIST_CONTEM
INSERT INTO PLAYLIST_CONTEM VALUES (6, 1);
INSERT INTO PLAYLIST_CONTEM VALUES (7, 1);
INSERT INTO PLAYLIST_CONTEM VALUES (1, 1);
INSERT INTO PLAYLIST_CONTEM VALUES (2, 2);
INSERT INTO PLAYLIST_CONTEM VALUES (5, 2);
INSERT INTO PLAYLIST_CONTEM VALUES (9, 2);
INSERT INTO PLAYLIST_CONTEM VALUES (10, 2);

--Tabela CURTE
INSERT INTO CURTE VALUES ('NatanSanches', 1);
INSERT INTO CURTE VALUES ('AlvaroLopes', 1);
INSERT INTO CURTE VALUES ('PedroAugusto', 2);
INSERT INTO CURTE VALUES ('GabrielDetoni', 1);
INSERT INTO CURTE VALUES ('NatanSanches', 2);

-- Tabela CLASSIFICA_POR
INSERT INTO CLASSIFICA_POR VALUES (3, 'Feliz', 'NatanSanches');
INSERT INTO CLASSIFICA_POR VALUES (1, 'Feliz', 'PauloSoares');
INSERT INTO CLASSIFICA_POR VALUES (6, 'Feliz', 'GabrielDetoni');
INSERT INTO CLASSIFICA_POR VALUES (5, 'Curioso', 'NatanSanches');
INSERT INTO CLASSIFICA_POR VALUES (6, 'Pensativo', 'OsniBrito');
INSERT INTO CLASSIFICA_POR VALUES (1, 'Triste', 'PedroAugusto');
INSERT INTO CLASSIFICA_POR VALUES (2, 'Feliz', 'PauloSoares');
INSERT INTO CLASSIFICA_POR VALUES (2, 'Pensativo', 'NatanSanches');
INSERT INTO CLASSIFICA_POR VALUES (10, 'Feliz', 'OsniBrito');
INSERT INTO CLASSIFICA_POR VALUES (7, 'Pensativo', 'AlvaroLopes');
INSERT INTO CLASSIFICA_POR VALUES (9, 'Triste', 'OsniBrito');

-- Tabelas relacionadas a COMENTARIO
INSERT INTO COMENTARIO (NOME_USUARIO, DATA_PUBL, CONTEUDO, TIPO) 
    VALUES ('NatanSanches', NOW(), 'Musicas inspiradoras.', 'Artista');
INSERT INTO COMENTARIO_ARTISTA VALUES (1, 'Ednaldo Pereira');

INSERT INTO COMENTARIO (NOME_USUARIO, DATA_PUBL, CONTEUDO, TIPO) 
    VALUES ('PauloSoares', NOW(), 'Overrated.', 'Artista');
INSERT INTO COMENTARIO_ARTISTA VALUES (2, 'Akon');
    
INSERT INTO COMENTARIO (NOME_USUARIO, DATA_PUBL, CONTEUDO, TIPO) 
    VALUES ('OsniBrito', NOW(), 'RAPAAAAAZ Muito bom!!!', 'Musica');
INSERT INTO COMENTARIO_MUSICA VALUES (3, 7);

INSERT INTO COMENTARIO (NOME_USUARIO, DATA_PUBL, CONTEUDO, TIPO) 
    VALUES ('GabrielDetoni', NOW(), 'Nao gostei', 'Musica');
INSERT INTO COMENTARIO_MUSICA VALUES (4, 1);

INSERT INTO COMENTARIO (NOME_USUARIO, DATA_PUBL, CONTEUDO, TIPO) 
    VALUES ('NatanSanches', NOW(), 'Um classico', 'Album');
INSERT INTO COMENTARIO_ALBUM VALUES (5, 3);

INSERT INTO COMENTARIO (NOME_USUARIO, DATA_PUBL, CONTEUDO, TIPO) 
    VALUES ('PedroAugusto', NOW(), 'Ouco dia e noite', 'Album');
INSERT INTO COMENTARIO_ALBUM VALUES (6, 1);

-- Tabela COMENTARIO_REMOVIDO
INSERT INTO COMENTARIO_REMOVIDO VALUES (5, 'NatanSanches');
INSERT INTO COMENTARIO_REMOVIDO VALUES (2, 'AlvaroLopes');

-- Tabela TAG_REMOVIDA
INSERT INTO TAG_REMOVIDA VALUES ('Feliz', 'NatanSanches', 1);
INSERT INTO TAG_REMOVIDA VALUES ('Curioso', 'GabrielDetoni', 5);

-- Tabela BANIDO_POR
INSERT INTO BANIDO_POR VALUES ('GabrielDetoni', 'AlvaroLopes', CURRENT_DATE);
INSERT INTO BANIDO_POR VALUES ('OsniBrito', 'PauloSoares', CURRENT_DATE);
